query_index,baseline_prediction,base_ST004D01T,base_GRADE,base_AGE,base_ESCS,base_IMMIG,base_HISEI,base_PAREDINT,base_HOMEPOS,base_ANXMAT,base_MATHEFF,base_MATHEF21,base_MATHPERS,base_FAMCON,base_BELONG,base_BULLIED,base_FEELSAFE,base_SCHRISK,base_FAMSUP,base_DISCLIM,base_TEACHSUP,base_COGACRCO,base_COGACMCO,base_STUBEHA,base_TEACHBEHA,base_EDUSHORT,base_STAFFSHORT,base_ICTRES,base_ICTHOME,base_ICTSCH,base_ICTEFFIC,base_ICTINFO,base_ICTSUBJ,base_STUDYHMW
19405,0.8220796585083008,0.0,0.0,16.08,-0.2693,1.0,70.34,12.0,-0.502,2.635,-1.8539,-0.825,0.0064,-0.7846,-0.2482,-1.228,-1.0389,-0.6386,-1.006,-0.9635,1.5558,0.1055,0.2263,-2.0034,-1.375,0.1534,-0.5869,-0.3629,0.3346,0.4062,-1.1232,-0.836,-2.0101,5.0
123510,0.9927697777748108,1.0,-2.0,16.17,-0.7283,1.0,44.14,16.0,-2.016,0.6647,-0.6753,0.7941,-1.0484,-0.6155,2.7308,,-1.2649,3.6492,-0.0322,-0.1361,-1.0693,-0.1402,0.1903,2.167,0.7185,1.22,0.21,-2.1448,,,,,,4.0
359538,0.72605961561203,1.0,0.0,15.92,-0.7306,1.0,30.34,16.0,-1.4063,-0.4777,0.4921,1.0539,-0.0252,,-0.6067,1.6686,0.4938,2.6536,0.244,0.163,-0.8059,0.3637,0.6527,0.869,0.9805,2.9595,0.2765,,,,,,,9.0
546555,0.8443209528923035,1.0,0.0,15.5,0.7215,-1.0,,16.0,1.386,,2.2952,2.3193,,,,,,,1.7684,1.7914,-2.9095,3.4623,2.5826,,,,,2.2977,,,,,,-1.0
39298,0.5348960757255554,1.0,0.0,15.67,-0.8058,1.0,20.91,14.5,-0.5639,0.4067,-0.5876,0.4995,0.3004,0.2564,0.3863,0.8217,0.6942,,1.1194,-0.5252,0.4357,0.5267,0.5868,1.6192,1.0348,1.2478,0.411,-0.6513,0.3346,0.4062,1.0886,-0.2002,0.7786,4.0
309089,0.9798911213874817,1.0,-1.0,16.08,-4.1999,0.0,17.0,9.0,-6.2058,0.1748,2.0169,1.3816,-0.3772,,2.7562,-0.391,0.6942,-0.6386,-0.556,1.6491,1.5558,1.6989,2.4978,0.9516,-0.055,0.9735,1.2432,-5.0283,0.3346,-1.0247,-0.5132,-0.836,2.1894,5.0
117145,0.8369863629341125,1.0,-1.0,16.33,-1.4491,-1.0,,12.0,-1.3607,-0.7358,-0.8437,0.2616,-0.2538,-0.33,0.1873,-1.228,-1.15,-0.6386,-1.5519,0.9297,1.5558,0.5247,0.2428,0.0459,-0.4289,-1.4212,0.028,-0.6793,,,,,,2.0
374180,0.8928336501121521,1.0,0.0,15.92,1.1851,1.0,84.14,16.0,0.7185,2.5026,-3.4021,-2.1803,-2.6378,-1.2805,-0.6474,1.9646,-1.7615,3.6492,-0.6068,1.8242,-0.1002,-0.2987,0.0575,-2.3015,-2.0409,0.4955,-1.4551,0.7366,,,,,,5.0
160831,0.4119504988193512,0.0,0.0,15.92,0.7364,1.0,82.41,16.0,-0.2638,0.602,,-0.2087,-0.5652,,0.7716,-0.391,0.1368,-0.6386,-1.193,0.7793,-1.3627,-0.8537,-0.8009,,0.2266,-0.627,-0.2968,-0.367,,,,,,6.0
603479,0.8934885263442993,0.0,-1.0,16.0,-1.2705,1.0,36.35,12.0,-1.3505,0.1932,-0.1362,-1.0175,-0.3405,-0.1973,-0.7557,0.6616,1.1246,-0.6386,0.9131,-0.33,0.4357,-1.1638,-1.3758,0.906,0.2533,0.8006,0.902,-1.2856,-1.1402,0.346,-0.9457,0.8436,-0.7335,10.0
389247,0.23153583705425262,1.0,0.0,15.58,0.3671,1.0,65.01,16.0,-0.36,-2.249,-0.2596,0.7059,0.1912,3.6981,0.8913,-0.2016,1.1246,1.0456,-0.1924,-0.521,-0.8059,0.3035,0.3583,-0.1539,-0.4007,0.1,0.43,-0.3,,,,,,0.0
313805,0.9924159049987793,1.0,-1.0,15.92,-1.6299,1.0,,12.0,-2.0394,0.533,,0.0801,-1.1273,,,,,,,,,-0.4346,0.8298,0.8985,0.5986,2.1861,0.661,-1.8932,-1.9754,-0.1337,,,,-1.0
545148,0.46274468302726746,0.0,0.0,15.58,0.9328,1.0,80.78,16.0,0.2725,-2.249,-0.9051,0.6266,-0.4354,,-0.2586,-1.1661,-1.306,-0.6386,-0.7607,-0.0522,-1.0693,-0.0999,0.1676,,,,,1.4273,,,,,,2.0
376668,0.943699061870575,1.0,-1.0,15.5,-3.3496,1.0,17.0,3.0,-1.8006,-0.5191,0.0139,-1.1189,-0.4636,0.3789,-1.0951,2.0805,-0.756,-0.6386,-0.9589,-0.6793,-0.1002,-0.5086,0.7119,,,,,-1.7856,0.3346,0.4062,-0.9842,-0.4271,0.113,1.0
306456,0.7573550343513489,0.0,1.0,16.0,-1.7364,1.0,23.8,12.0,-1.891,-0.3087,,0.6569,0.3124,,0.6428,-1.228,1.1246,-0.6386,1.6481,0.9297,1.5558,-2.1431,1.3632,,0.4708,1.2478,-0.3163,,-4.2996,0.4062,1.4833,1.4104,0.7703,1.0
169421,0.11422383785247803,0.0,0.0,16.0,0.4207,1.0,51.25,16.0,0.38,1.5409,-1.1753,-2.4607,2.037,-0.5606,0.7356,-0.1325,1.1246,-0.6386,0.4846,0.1777,1.5558,0.1144,-0.7522,0.8153,1.4277,0.265,,,0.3346,0.4062,-0.3955,-0.5369,,5.0
402178,0.9864144921302795,0.0,0.0,16.17,-2.668,1.0,33.76,6.0,-2.1373,,,,,,-0.9967,0.379,0.1413,,,,,,,0.4628,-0.2901,0.1423,-0.9441,-1.9183,,,,,,9.0
305665,0.5452185869216919,0.0,0.0,15.42,-1.1046,1.0,33.76,12.0,-0.8433,0.7937,,-0.2279,-0.5128,,-0.6224,-0.267,-0.756,-0.6386,0.1911,0.801,-0.3322,-0.0681,0.5058,,-1.966,0.0686,-0.6909,,0.3346,0.4062,1.4833,0.2638,0.6355,1.0
354530,0.5142749547958374,1.0,0.0,15.67,-0.8619,1.0,35.34,12.0,-0.3408,0.051,-0.5831,-0.0873,-0.2344,,0.3378,-1.228,-1.1108,1.18,0.6038,-0.322,-0.5635,-0.212,0.114,-2.1041,-2.0409,-1.4212,-1.4551,0.102,,,,,,6.0
188548,0.17263102531433105,0.0,0.0,16.17,0.5806,2.0,81.4,16.0,-0.5866,-0.2704,-0.7333,-0.0523,-1.129,0.648,-0.3485,0.1776,-0.756,-0.6386,-0.5811,-0.6732,-0.3322,-0.668,-2.0919,0.8153,0.3593,-0.4941,0.8371,-0.8932,,,,,,4.0
244281,0.8920141458511353,0.0,-1.0,15.92,-2.6468,1.0,29.47,6.0,-1.8958,,,-0.2877,-0.4436,,-0.4911,-1.228,-0.756,-0.6386,-0.6235,-0.3243,-1.0693,-0.5118,0.4062,-0.2105,-1.9767,0.0888,0.8401,-2.6927,,,,,,6.0
184552,0.9894601106643677,0.0,-1.0,16.17,-0.3808,-1.0,,16.0,-0.8624,0.3378,,,,,,2.3884,,,,,,,,1.0522,0.6101,-0.6884,0.8371,-1.5323,,,,,,-1.0
579664,0.8380067944526672,1.0,0.0,16.25,-1.1228,1.0,25.39,14.5,-1.5122,-0.5191,-1.6444,-0.653,-0.5523,0.654,0.1582,-1.228,1.1246,-0.6386,-1.3239,-0.8529,-0.3322,-0.057,0.4505,,,-0.2376,,,,,,,,10.0
563632,0.9631386399269104,0.0,1.0,16.17,0.4714,-1.0,,16.0,-1.4692,,,,,,,,,,,,,,,-0.8727,-1.2943,1.7737,0.3658,-1.7465,,,,,,-1.0
78554,0.825897753238678,1.0,0.0,15.42,-0.7074,1.0,71.39,12.0,-1.5832,,,,,,-1.2744,-0.3264,0.4361,-0.6386,,,,,,0.7444,1.0952,0.8373,0.6666,,,,,,,2.0
450311,0.9490724802017212,1.0,0.0,16.0,-2.2567,1.0,17.0,9.0,-1.6176,-2.382,-3.432,-2.1512,-2.8399,,1.4693,-1.228,1.1246,-0.6386,-2.5906,-0.3586,1.5558,-0.7573,-0.4101,3.5661,3.7879,1.6863,2.0884,-0.9048,-1.5118,-1.0247,0.0381,0.6984,0.371,3.0
401634,0.9816871285438538,0.0,-1.0,16.08,-2.3374,1.0,65.12,6.0,-2.7546,,,,,,1.4872,0.3631,0.1368,1.8634,,-0.7044,1.5558,0.1614,1.1663,1.0091,1.189,1.4783,1.2727,-2.269,0.3346,0.4062,-0.3155,1.5686,-1.5923,1.0
58761,0.6435895562171936,1.0,1.0,16.0,-1.4741,1.0,29.73,12.0,-1.5361,1.2041,-1.1029,0.1454,-0.2412,-0.3611,0.6428,-1.228,1.1246,0.5348,-0.5204,-0.5562,-2.9095,-0.6678,-1.9088,,,,,-1.6919,0.3346,0.4062,,-0.0366,-1.6381,1.0
265438,0.5241801738739014,0.0,0.0,15.25,0.3747,1.0,44.94,16.0,0.5526,0.6647,-2.094,-1.1184,-0.1133,-0.4021,1.4938,0.2988,1.1246,-0.4624,,0.1765,-0.3322,-1.2049,-0.9862,0.8956,-0.4415,-1.4212,0.1825,,0.3346,0.4062,-0.2094,-0.6714,-2.0101,8.0
292765,0.39413896203041077,0.0,1.0,16.25,0.2326,1.0,75.54,16.0,-1.1471,0.2514,,0.362,-0.1294,,-0.2327,0.2121,-0.756,-0.6386,1.779,0.1548,0.8211,-0.3837,-0.1293,,1.0063,-1.4212,-1.4551,,0.3346,0.2098,-0.3042,-0.3342,0.2357,3.0
81276,0.9764654636383057,0.0,-1.0,16.25,-1.1747,-1.0,30.34,16.0,-2.4547,,,,,,-0.7746,-1.228,-1.5326,0.4437,,-0.8406,0.1475,0.932,,-1.2607,-1.1574,0.265,0.1839,-2.6979,,,,,,1.0
322857,0.8227745890617371,1.0,-1.0,15.67,-0.9496,1.0,19.78,12.0,0.1459,-0.2758,-0.9571,0.1509,0.6865,0.6109,-1.3258,1.9549,-2.7886,1.18,-2.1701,-1.1698,0.4357,0.7085,0.7198,-0.2351,1.7102,-0.0274,0.2841,,0.3346,-0.0831,-0.4959,1.0189,0.3533,1.0
152960,0.9740349054336548,1.0,-3.0,15.58,-0.7794,1.0,41.68,16.0,-2.0269,0.6387,-0.2086,0.4684,-0.9976,-0.2508,-0.4867,-0.1325,-0.756,-0.6386,,-0.808,-1.0693,-0.0745,0.2623,-1.8617,-2.0409,-1.4212,-1.6471,-2.5262,0.3346,0.4062,-0.6495,-0.4607,0.7395,1.0
41905,0.8375513553619385,1.0,,15.42,-1.3566,2.0,,14.5,-1.5589,2.5078,2.0741,2.6072,-2.8815,3.6401,-0.1079,-1.228,1.1246,-0.6386,-0.5986,-0.8126,1.5558,2.3368,2.3245,,,,,,0.3346,0.4062,-2.6482,3.242,1.8732,9.0
278838,0.7454286813735962,0.0,0.0,16.08,0.9308,1.0,68.54,16.0,0.8134,2.5026,,,,,-1.2292,0.7628,-1.2589,-0.6386,,0.3521,,,,1.2033,-0.055,-0.3123,-0.7828,1.5933,,,,,,5.0
578897,0.8769371509552002,0.0,0.0,16.33,-2.1706,1.0,29.73,6.0,-0.7831,,-0.6491,-2.1482,,,0.2326,-0.1325,0.2852,0.5348,,-0.526,0.4357,0.165,0.5035,,,-0.2376,,,,,,,,1.0
399860,0.5507388114929199,0.0,0.0,15.58,0.2034,1.0,57.64,16.0,-0.4179,1.2595,-0.1932,-0.2118,-0.24,-0.0484,-1.0302,0.0536,-0.756,-0.6386,1.6733,-0.9971,-1.0693,-0.129,0.4849,-0.6823,0.8952,2.9595,0.9134,-1.3297,0.3346,0.4062,0.8955,0.6984,-1.1559,5.0
173405,0.4444553852081299,0.0,0.0,15.33,1.0839,1.0,,16.0,0.5492,1.9159,-0.4893,-0.6182,-0.083,,-1.1134,0.7824,-1.5326,0.181,1.501,-0.3586,-0.3322,-0.9515,-0.5757,0.0711,0.6737,-1.4212,0.5116,,0.3346,0.4062,1.7343,0.1466,0.5818,6.0
127319,0.8822604417800903,1.0,-1.0,15.83,,1.0,,,,1.4533,,,,,,,,,,-1.169,0.8211,,,0.8941,0.2266,1.2478,1.0815,,,,,,,-1.0
62457,0.5888288021087646,1.0,-1.0,15.75,-0.9755,1.0,,14.5,-1.8278,-0.3146,-0.5026,0.2907,-0.36,0.1863,-0.7047,-0.1325,0.4836,-0.6386,-0.0381,-0.1499,-0.3322,-0.3043,0.1855,,,,,-1.4238,,,,,,7.0
437937,0.9744033217430115,1.0,-1.0,15.42,-0.0208,1.0,74.66,16.0,-1.7062,-2.3868,-3.3733,-2.0523,-2.8106,,-0.5636,4.6939,-2.7886,-0.6386,1.5965,1.7402,-2.9095,2.2108,2.2723,-3.8299,-2.0409,-1.4212,-1.4551,-2.4753,,,,,,1.0
221027,0.7733853459358215,1.0,-1.0,15.42,-0.8495,1.0,44.94,12.0,-0.7396,2.6149,-3.3928,0.743,-0.2357,0.0535,0.3254,-1.228,1.1246,-0.6386,-1.8922,-2.4425,-1.1527,-0.128,0.2085,,,,,,0.3346,0.4062,-1.4475,-0.033,0.6333,1.0
234623,0.4076010286808014,1.0,,16.0,0.8647,1.0,79.49,16.0,0.1693,,,,,,-0.2682,0.379,0.0877,1.8348,,,,,,0.2268,-0.1791,-1.4212,0.6676,,0.3346,0.4062,-0.4896,-0.6714,0.5961,1.0
237245,0.8751001954078674,0.0,0.0,16.17,-2.8118,1.0,17.0,9.0,-2.9284,,,-0.0423,-0.0212,,-0.4861,-1.228,-0.756,-0.6386,-1.6565,-0.0691,0.4357,0.0339,-0.9829,-0.8777,0.5404,1.7737,0.3976,-2.6528,,,,,,1.0
446142,0.27266624569892883,0.0,0.0,16.0,0.7046,1.0,81.13,16.0,-0.2818,-0.508,-0.1914,0.7059,-0.9437,,-0.3948,-0.391,-0.756,-0.6386,-0.004,-0.0902,-1.0693,0.4971,-1.0948,0.3894,-1.1783,0.3885,0.2765,-0.0289,0.3346,0.4062,-0.0573,0.281,0.3155,6.0
130214,0.9504613876342773,0.0,-1.0,15.42,,1.0,,,-0.8584,0.6387,-1.5468,-0.3614,0.8424,-0.7307,2.1143,-0.391,1.1246,-0.6386,,1.0086,1.5558,-0.56,-0.2955,1.1674,0.5642,2.9595,-0.2129,,0.3346,0.4062,-0.5228,0.6984,-0.2474,0.0
234785,0.3450818657875061,0.0,,15.67,-0.3053,1.0,44.14,14.5,-0.4179,-0.1371,0.1102,-0.6812,-0.252,-1.4622,0.3434,-1.228,-0.756,-0.6386,0.3488,-0.963,1.5558,-0.8109,0.2516,-0.335,1.0265,0.4997,0.028,,0.3346,0.4062,-0.5172,0.6984,-0.138,4.0
54004,0.9515178203582764,0.0,0.0,15.42,-1.6827,1.0,27.91,12.0,-1.9476,0.5595,-1.3391,0.7589,0.2437,-1.1813,-0.2482,0.1361,1.1246,-0.6386,1.6496,-0.0334,0.1475,0.0408,-0.0961,,,,,-2.6888,0.3346,0.4062,-0.5172,0.6984,0.5674,1.0
242206,0.9740186333656311,0.0,-1.0,16.0,-1.4351,1.0,43.33,12.0,-2.0504,,,0.7101,-1.759,,-0.6104,-1.228,1.1246,-0.6386,-1.9117,-0.1124,-0.1002,-0.7362,-1.9345,-0.4353,0.5404,0.1,0.3976,-1.9867,,,,,,1.0
513819,0.8156017065048218,1.0,-1.0,15.75,-1.609,1.0,36.97,9.0,-0.9786,0.4067,-0.4632,1.0392,-0.4371,-3.4811,-0.47,-1.228,,,1.7696,-0.5233,0.1475,0.2003,0.7024,,,,,,0.3346,0.4062,0.3023,-0.1759,0.9886,4.0
521093,0.19322261214256287,1.0,,16.08,0.8443,1.0,56.0,16.0,1.1684,-0.3744,-0.8032,0.4558,-0.2468,-0.6524,0.0612,-1.228,1.1246,-1.2135,1.667,1.6526,-0.3322,-1.4557,-0.5401,0.4918,0.1045,-1.4212,1.2511,2.1062,0.3346,0.4062,-0.327,0.1831,0.4671,1.0
399454,0.9915948510169983,1.0,-1.0,16.08,-1.7462,1.0,47.83,12.0,-2.9855,,,,,,0.0612,-1.228,-2.7886,0.4437,,,,,,,,,,-3.2793,,0.4062,-2.6482,3.242,-2.0101,1.0
359974,0.6116191744804382,0.0,0.0,16.33,-2.7723,1.0,11.01,9.0,-2.5679,-0.1224,0.0268,0.7471,2.3067,,-0.3261,0.6266,-1.5326,-0.6386,-0.6531,0.4628,0.4357,-0.2252,1.446,0.869,0.1302,1.6863,0.1757,,,,,,,1.0
214438,0.858256995677948,0.0,0.0,15.67,-1.5979,1.0,,12.0,-1.123,0.544,-0.8763,-0.619,-0.0365,-1.4778,-0.1361,1.0436,-0.756,1.8348,0.0853,-0.84,1.5558,2.3278,-0.2785,0.4282,-0.4697,-0.2692,1.0752,,0.3346,0.4062,-0.0325,-0.836,0.3155,2.0
510601,0.9269173741340637,0.0,-1.0,16.08,-0.3238,1.0,36.35,16.0,-0.7137,0.6387,-3.47,-0.1165,-0.2271,1.411,0.1912,1.1847,,,1.0732,0.4571,0.8211,-0.7399,-1.3163,-0.1603,-1.2401,0.4997,-0.7324,,0.3346,0.4062,-0.9839,-0.111,-0.8512,1.0
126411,0.8043813109397888,1.0,0.0,16.08,,1.0,,,0.4466,1.1606,-1.0988,-0.2872,-0.4624,-0.1033,2.1143,-0.391,-1.2649,1.6441,,-0.4763,-1.0693,-0.0458,0.2565,0.4781,-0.1662,2.9595,-0.5869,,0.3346,0.4062,2.2012,3.242,1.95,3.0
87896,0.34136462211608887,1.0,0.0,15.67,0.4295,1.0,76.65,16.0,-0.7318,1.1606,-0.342,-0.4686,-0.5979,-1.5137,-0.6376,0.6364,1.1246,,-1.1766,0.5807,,-0.0868,0.2802,0.869,0.9355,-1.4797,,-0.595,,,,,,10.0
594182,0.43568313121795654,0.0,1.0,16.17,,-1.0,,,,,,,,,,,,,,,,,,-2.5711,-2.0409,-1.4212,-1.4551,,,,,,,-1.0
159481,0.5196478366851807,1.0,-1.0,15.5,0.523,1.0,58.77,16.0,0.2861,0.1748,,-0.5803,-0.4776,,-1.042,0.4394,-1.1042,-0.6386,-0.9738,-0.0903,1.5558,-0.4298,-0.0576,,,,,0.3017,,,,,,0.0
301056,0.5755641460418701,0.0,1.0,16.0,0.3856,1.0,80.92,16.0,-1.0258,-0.4487,,-0.628,-0.9348,,-0.2482,-1.228,-1.5326,-0.6386,-0.2224,0.3884,-0.1002,-0.415,0.9876,,2.3893,1.7368,1.4096,,0.3346,0.4062,0.5908,0.2929,-0.168,1.0
156215,0.9527962803840637,0.0,-2.0,15.58,-1.4725,2.0,30.34,,-1.8196,2.635,-0.3749,-1.4183,-0.1497,-1.2851,0.1448,0.8353,-1.5326,-0.6386,0.0372,-0.5532,0.1475,0.6285,2.3963,0.0177,0.2266,1.2478,1.3918,-1.4873,,,,,,7.0
273634,0.9193198680877686,1.0,0.0,15.67,0.0879,1.0,50.15,16.0,-0.3568,1.4278,-1.446,-0.6303,0.2146,-0.3671,,-1.228,-0.756,-0.6386,-0.9636,1.6526,-1.3627,0.1194,0.3896,-1.2881,-2.0409,-1.4212,-0.1953,,,,,,,1.0
219051,0.9986518025398254,1.0,-2.0,15.25,-3.0371,1.0,23.47,9.0,-3.7487,,,,,,-0.3724,-1.228,-0.756,,,,,,,,-1.419,-0.0003,-0.4314,-3.4811,,,,,,1.0
444937,0.8049213886260986,0.0,0.0,15.75,-0.3403,1.0,44.94,16.0,-1.1356,0.3025,-0.7685,-0.4031,-1.8788,,-0.1058,0.9798,-0.756,-0.6386,0.6629,0.7793,0.4357,-1.1721,-0.8429,0.1795,0.3229,-0.4447,0.592,-1.4401,0.3346,0.4062,-1.2963,-0.5074,0.2199,2.0
231178,0.8030981421470642,1.0,-1.0,15.67,-1.4383,1.0,22.77,12.0,-1.1413,2.5078,2.1802,2.3507,2.2849,2.9851,0.5453,-1.228,-0.756,,1.7692,0.3926,1.5558,0.3374,1.238,,,,,,0.3346,0.4062,0.8827,0.6984,-1.2661,10.0
275587,0.9554437398910522,1.0,-1.0,15.42,-2.2187,1.0,,12.0,-2.1891,-1.52,1.9612,,2.016,0.4138,,,-0.756,-0.6386,1.7168,1.831,1.5558,-2.296,2.3607,-1.3729,1.1314,-1.4212,1.4414,,,,,,,-1.0
77899,0.9892821311950684,0.0,2.0,15.33,-2.4121,1.0,16.36,12.0,-3.1547,0.8255,-1.0787,,-0.3606,,-0.7775,2.3512,-2.0973,1.8348,0.7274,-0.8406,1.5558,0.6907,,-0.2852,-2.1691,0.8339,-0.6913,-2.6968,,,,,,8.0
213193,0.8398810625076294,0.0,0.0,15.5,-0.4067,1.0,,16.0,-0.5147,2.5429,-2.1681,-0.4724,-2.6003,-1.4934,-0.2482,-1.228,1.1246,-0.6386,-0.722,-0.5532,-0.1002,-0.129,-2.0286,-0.0155,-1.2943,1.2478,-0.05,,0.3346,0.4062,,-0.2793,0.5679,10.0
414378,0.9371424913406372,0.0,-1.0,15.33,-2.4469,1.0,17.0,12.0,-3.2656,,-1.3457,-0.544,-0.5478,,-0.3128,-1.228,-0.756,-0.6386,-1.2364,0.1614,0.4357,-0.0862,-0.0241,0.5907,-0.1274,0.8306,0.0055,-3.1686,,,,,,5.0
367307,0.878907322883606,0.0,0.0,16.25,-1.2501,1.0,22.57,12.0,-0.688,2.6149,-2.6118,-0.6036,-0.6874,,-0.4861,-1.228,,-0.6386,1.883,-0.8362,-0.5635,-0.9614,0.4127,-1.6103,-0.6891,,0.1061,-1.3189,,,,,,1.0
14706,0.775965690612793,0.0,0.0,16.0,-0.7973,2.0,,12.0,-0.1114,,,,,,-1.0125,0.9369,-1.7945,-0.6386,,,,,,-0.4881,1.2859,1.3498,0.6231,0.5309,,,,,,10.0
535761,0.6640599370002747,0.0,0.0,15.67,0.1244,1.0,,16.0,-1.1353,,,0.2806,-0.0952,,0.3525,-1.228,-0.039,-0.6386,-0.2791,-0.1114,1.5558,-0.6228,0.8576,-0.4428,-1.419,1.4783,-0.7828,-0.6778,0.3346,0.4062,0.4811,0.6392,0.0099,1.0
164730,0.9940332770347595,0.0,0.0,15.67,-2.5462,1.0,,9.0,-2.7869,0.5653,,,,,,,,,,-0.6497,,,,,0.933,1.5322,2.1075,-2.4705,,,,,,-1.0
129458,0.8935703635215759,0.0,0.0,15.58,,1.0,,,,0.6387,-1.0877,-2.1364,0.9905,-0.1333,-0.3261,-1.228,-0.756,-0.6386,,1.1779,-1.3627,-1.5388,-1.935,1.9143,0.5642,1.7368,2.8705,,0.3346,-2.854,,,0.6775,3.0
215773,0.9887155890464783,1.0,0.0,15.5,-3.7718,-1.0,,3.0,-2.8536,,,,,,0.4026,-1.228,0.3221,,,1.6585,,,,,-1.2943,-1.4783,-0.7828,-3.1319,,,,,,1.0
607450,0.9846487641334534,0.0,0.0,15.75,-1.0431,1.0,73.91,12.0,-2.488,,,,,,-0.0314,1.4807,-1.1042,0.8948,,,,,,,2.1307,2.9595,,,,,,,,1.0
198968,0.8040888905525208,1.0,0.0,15.5,-0.3727,1.0,16.5,16.0,0.0558,-0.8097,-0.5166,0.4221,,,-0.7308,1.022,-1.529,1.5406,-0.4251,-1.2589,-0.3322,-0.2702,0.4418,0.8663,1.4277,0.1,1.9428,-1.3097,,,,,,6.0
44634,0.4954889416694641,0.0,,15.83,-0.4539,1.0,28.48,12.0,0.9283,,,,,,2.2967,-1.228,1.1246,-0.6386,-0.989,,,,,1.4616,-0.1662,-1.4212,-1.8617,,0.3346,0.4062,-0.5843,0.0811,0.5078,10.0
491247,0.514948308467865,0.0,0.0,16.08,0.7574,1.0,78.76,16.0,-0.0514,2.635,-1.1033,-0.1418,1.654,-0.3561,1.4416,-1.228,,,1.7399,-0.8615,-0.3322,3.6719,0.3576,-1.2458,-2.0904,-1.4212,0.1201,,0.3346,0.4062,-0.4898,0.7135,0.6733,9.0
352847,0.8191206455230713,1.0,-1.0,15.5,-0.264,1.0,70.34,12.0,-0.4894,1.1287,-1.4458,0.3469,-1.1542,,0.0342,-0.267,0.1368,0.5348,-0.5032,-0.0691,0.8211,-0.8036,-0.2119,1.6585,0.6101,0.4292,1.5435,-1.3724,,,,,,1.0
199057,0.4901992976665497,1.0,0.0,15.83,0.5662,1.0,68.7,16.0,-0.0544,0.4067,-0.5884,-0.2851,-0.7745,,0.0422,0.5426,-0.756,0.4139,-0.8847,0.7011,-1.0693,0.0633,0.6608,-0.1359,0.2266,0.1,1.7065,0.5084,,,,,,5.0
193645,0.6737170815467834,0.0,1.0,16.17,0.5447,1.0,58.77,16.0,0.3374,-0.1792,-1.2575,-0.5524,0.2341,,0.0362,-1.228,1.1246,-0.6386,1.7628,0.1085,1.5558,1.6366,2.3248,-0.4424,-1.2356,-1.4212,-1.4551,,0.3346,0.4062,2.2012,0.6984,-0.4277,1.0
266222,0.6336559057235718,1.0,0.0,15.58,-0.2415,1.0,29.47,16.0,-0.2127,-0.0423,-0.9328,-0.8113,-0.9298,-0.0046,0.7639,-1.228,0.6942,1.793,-0.549,-0.59,-0.5635,-0.5422,0.1213,0.5495,1.4873,0.4292,1.7591,,0.3346,0.4062,-0.9649,-0.3619,,6.0
49153,0.9608708620071411,0.0,-1.0,15.92,-1.6051,1.0,14.64,9.0,0.026,,,,0.2225,,-0.8709,2.1752,-1.5326,1.2046,,-2.4752,0.4357,,,,0.5642,0.6299,,,,,,,,1.0
120071,0.9848096966743469,0.0,-1.0,16.33,-2.1907,1.0,23.8,12.0,-2.9637,,,,,,0.5271,-1.228,0.4417,1.2062,,,,,,1.1051,-2.0409,2.9595,1.2805,-3.0438,,,,,,1.0
403344,0.9883576035499573,0.0,0.0,15.42,-2.5681,1.0,17.79,9.0,-2.3882,,,,,,0.234,0.8806,0.2435,,,-0.535,0.1475,-0.5741,,-2.1265,-0.8368,2.9595,0.2218,-2.6136,,,,,,8.0
610786,0.7172600626945496,1.0,0.0,16.17,,-1.0,,,,,,,,,,,,,,,,,,,-0.3692,0.8339,,,,,,,,-1.0
195123,0.6747754812240601,0.0,0.0,15.67,0.4978,1.0,81.4,16.0,-0.7822,,,,,,0.0764,-0.2016,-0.756,3.2331,,,,,,-0.4275,0.2266,0.9905,0.993,,,,,,,6.0
17789,0.6944411396980286,0.0,0.0,15.42,-2.511,1.0,17.0,6.0,-1.0194,0.3729,-0.6832,0.0211,-0.079,-0.5934,2.4581,-1.228,1.1246,-0.6386,0.684,0.488,1.5558,0.6325,0.5405,1.24,0.3147,-0.3123,0.531,-0.5987,0.3346,0.4062,1.5288,1.7003,0.9382,2.0
407576,0.8835265040397644,0.0,0.0,16.33,-0.0815,1.0,78.17,16.0,-2.006,,,,,,0.136,-0.391,1.1246,-0.6386,,,,,,1.5935,1.6299,0.8339,1.6256,-2.5734,,,,,,6.0
356055,0.836462676525116,1.0,0.0,15.5,-1.1079,1.0,,14.5,-2.1828,-0.0359,-0.4265,0.4129,-0.693,,-0.7664,,-1.4563,1.3592,1.6127,0.3247,-0.1002,-0.1062,0.2505,0.4775,-1.4051,2.1861,0.5854,,,,,,,0.0
277770,0.9791218638420105,1.0,-1.0,16.08,-1.8757,1.0,33.76,9.0,-1.4652,0.1031,-1.3102,-2.1343,-1.2235,-1.314,,0.1807,1.1246,1.7531,-0.8039,-0.1219,-0.5635,3.4623,-0.4472,-0.8561,0.0913,0.9868,1.3405,,,,,,,1.0
448349,0.8776462078094482,0.0,0.0,15.92,-0.4904,1.0,33.16,16.0,-0.9649,0.1748,-2.2183,-2.151,-1.6602,,-0.4433,-1.228,-0.756,-0.6386,-1.3273,0.7711,-0.1002,-0.0977,-0.5231,-0.6033,-0.1448,-1.4212,-0.614,-0.8794,0.3346,-0.7291,-2.6482,-0.836,-2.0101,6.0
352660,0.5674408078193665,1.0,-1.0,15.58,1.2087,1.0,79.49,16.0,0.9814,0.3378,1.9651,2.3594,-0.2544,,0.5639,1.6665,1.1246,0.4437,1.7266,-2.3769,-1.0693,-0.7985,-1.9655,-1.63,-2.0409,-1.4212,-1.4551,1.7938,,,,,,8.0
451911,0.8488436341285706,1.0,0.0,15.58,-0.2662,1.0,62.39,14.5,-1.1392,0.6566,-1.0784,0.2466,-0.8084,,0.7979,-1.228,1.1246,-0.6386,-0.8506,0.7097,-1.0693,0.6148,1.2973,1.6435,1.4191,2.1432,0.1825,-0.5444,0.3346,0.4062,-0.5064,-0.32,0.3282,6.0
118765,0.9393923282623291,0.0,0.0,16.08,-0.8703,1.0,16.5,16.0,-1.1191,0.429,-0.6326,-0.2129,0.0053,-1.3598,-0.2482,-1.228,-0.756,-0.6386,1.703,-0.707,1.5558,0.2037,0.969,0.3603,-0.9033,-1.4212,-1.4551,-1.1766,,,,,,1.0
277866,0.9295668005943298,0.0,0.0,16.25,-0.3128,1.0,50.15,14.5,-0.7035,,,,,,,-1.228,,,,,,,,2.7503,2.2618,2.9595,2.3383,,,,,,,-1.0
193508,0.8827984929084778,1.0,0.0,15.33,-1.6652,1.0,11.56,12.0,-1.1773,0.8819,-1.6488,-2.1933,-2.6024,,-1.2062,-0.267,0.0295,1.2046,-1.8347,-2.4931,1.5558,-1.0852,-0.6338,-0.9251,0.4791,0.1423,0.8371,,0.3346,0.2137,-0.8153,-0.6429,1.95,10.0
218777,0.9802272319793701,0.0,-2.0,15.5,-1.0898,1.0,,9.0,-0.8969,0.9242,,,,,,,,,,-0.6992,1.5558,0.225,,,0.5395,,,-1.1276,,,,,,1.0
244641,0.8246501088142395,0.0,-1.0,15.83,-2.1621,1.0,17.0,12.0,-2.5931,,,-0.5495,0.9067,,-0.6038,-0.267,-0.756,-0.6386,-0.7111,0.4277,1.5558,-0.2346,0.899,0.6058,0.1909,2.9595,0.5386,-2.2369,,,,,,7.0
