feature,importance,rank,group
HOMEPOS,0.71729016,1,Q1 (low)
ICTRES,0.41126025,2,Q1 (low)
MATHEFF,0.36505735,3,Q1 (low)
GRADE,0.2588755,4,Q1 (low)
HISEI,0.20622995,5,Q1 (low)
STUBEHA,0.19741161,6,Q1 (low)
ST004D01T,0.18977757,7,Q1 (low)
FAMCON,0.17829493,8,Q1 (low)
MATHPERS,0.15518935,9,Q1 (low)
BULLIED,0.14668952,10,Q1 (low)
COGACRCO,0.14255552,11,Q1 (low)
DISCLIM,0.14114425,12,Q1 (low)
ANXMAT,0.13892977,13,Q1 (low)
BELONG,0.13599116,14,Q1 (low)
STAFFSHORT,0.13579941,15,Q1 (low)
FAMSUP,0.13521092,16,Q1 (low)
EDUSHORT,0.13500829,17,Q1 (low)
COGACMCO,0.1331401,18,Q1 (low)
TEACHSUP,0.11792186,19,Q1 (low)
ESCS,0.11279904,20,Q1 (low)
TEACHBEHA,0.11192932,21,Q1 (low)
ICTEFFIC,0.10778607,22,Q1 (low)
STUDYHMW,0.10638949,23,Q1 (low)
ICTSUBJ,0.10351834,24,Q1 (low)
MATHEF21,0.09545231,25,Q1 (low)
ICTHOME,0.090964034,26,Q1 (low)
PAREDINT,0.0908346,27,Q1 (low)
SCHRISK,0.08998127,28,Q1 (low)
ICTSCH,0.08165871,29,Q1 (low)
FEELSAFE,0.078856096,30,Q1 (low)
ICTINFO,0.0624509,31,Q1 (low)
IMMIG,0.045983184,32,Q1 (low)
AGE,0.035761062,33,Q1 (low)
MATHEFF,0.4204593,1,Q2
HOMEPOS,0.41357368,2,Q2
ICTRES,0.261104,3,Q2
FAMCON,0.20973596,4,Q2
GRADE,0.20102799,5,Q2
STUBEHA,0.19696851,6,Q2
HISEI,0.18629664,7,Q2
COGACMCO,0.16954075,8,Q2
ST004D01T,0.16907707,9,Q2
ANXMAT,0.16226856,10,Q2
STAFFSHORT,0.15051223,11,Q2
ICTEFFIC,0.13959362,12,Q2
BELONG,0.13780409,13,Q2
COGACRCO,0.13538414,14,Q2
BULLIED,0.13494551,15,Q2
STUDYHMW,0.13366175,16,Q2
DISCLIM,0.13081075,17,Q2
FAMSUP,0.1303609,18,Q2
ICTSUBJ,0.12716231,19,Q2
MATHPERS,0.12638898,20,Q2
EDUSHORT,0.11682404,21,Q2
TEACHBEHA,0.11414125,22,Q2
TEACHSUP,0.11227244,23,Q2
ICTHOME,0.099968314,24,Q2
MATHEF21,0.099156,25,Q2
SCHRISK,0.08858961,26,Q2
ESCS,0.08804974,27,Q2
FEELSAFE,0.084378354,28,Q2
ICTSCH,0.07951121,29,Q2
PAREDINT,0.07576099,30,Q2
ICTINFO,0.07569232,31,Q2
IMMIG,0.046737466,32,Q2
AGE,0.034085788,33,Q2
MATHEFF,0.45878914,1,Q3
HOMEPOS,0.38414606,2,Q3
ICTRES,0.23120248,3,Q3
FAMCON,0.2244234,4,Q3
STUBEHA,0.19660324,5,Q3
HISEI,0.18756141,6,Q3
COGACMCO,0.18732817,7,Q3
ANXMAT,0.17775491,8,Q3
GRADE,0.17666253,9,Q3
STAFFSHORT,0.1596232,10,Q3
ST004D01T,0.15779077,11,Q3
STUDYHMW,0.15231238,12,Q3
ICTEFFIC,0.1517981,13,Q3
BELONG,0.14050552,14,Q3
COGACRCO,0.13715096,15,Q3
BULLIED,0.13457002,16,Q3
DISCLIM,0.13038194,17,Q3
ICTSUBJ,0.12931974,18,Q3
FAMSUP,0.123743914,19,Q3
EDUSHORT,0.12146799,20,Q3
MATHPERS,0.120135605,21,Q3
TEACHBEHA,0.11987628,22,Q3
MATHEF21,0.10908285,23,Q3
ICTHOME,0.10759906,24,Q3
TEACHSUP,0.10440849,25,Q3
SCHRISK,0.090070195,26,Q3
FEELSAFE,0.08829852,27,Q3
ICTSCH,0.08117796,28,Q3
ICTINFO,0.07985102,29,Q3
ESCS,0.06589083,30,Q3
PAREDINT,0.05964114,31,Q3
IMMIG,0.05162776,32,Q3
AGE,0.032944728,33,Q3
MATHEFF,0.51055455,1,Q4
HOMEPOS,0.3875312,2,Q4
FAMCON,0.23339692,3,Q4
ICTRES,0.22914258,4,Q4
HISEI,0.20369814,5,Q4
STUBEHA,0.19866857,6,Q4
ANXMAT,0.19059901,7,Q4
COGACMCO,0.19012477,8,Q4
STUDYHMW,0.16587822,9,Q4
ICTEFFIC,0.15358172,10,Q4
STAFFSHORT,0.15011516,11,Q4
GRADE,0.14798379,12,Q4
ST004D01T,0.14778699,13,Q4
COGACRCO,0.13289118,14,Q4
BULLIED,0.13244791,15,Q4
DISCLIM,0.13204983,16,Q4
TEACHBEHA,0.12557456,17,Q4
BELONG,0.12533642,18,Q4
ICTSUBJ,0.12382418,19,Q4
FAMSUP,0.12310229,20,Q4
MATHPERS,0.11895434,21,Q4
EDUSHORT,0.11892001,22,Q4
MATHEF21,0.11264082,23,Q4
ICTHOME,0.103588246,24,Q4
TEACHSUP,0.09926253,25,Q4
SCHRISK,0.09217403,26,Q4
FEELSAFE,0.08751575,27,Q4
ICTSCH,0.082708575,28,Q4
ICTINFO,0.07972428,29,Q4
IMMIG,0.067466855,30,Q4
ESCS,0.05116552,31,Q4
PAREDINT,0.034976352,32,Q4
AGE,0.031738717,33,Q4
HOMEPOS,0.72269344,1,Q5 (high)
MATHEFF,0.6290804,2,Q5 (high)
FAMCON,0.27504128,3,Q5 (high)
HISEI,0.2711644,4,Q5 (high)
ICTRES,0.24392955,5,Q5 (high)
ANXMAT,0.21052083,6,Q5 (high)
COGACMCO,0.19912858,7,Q5 (high)
ESCS,0.1956572,8,Q5 (high)
STUDYHMW,0.18759067,9,Q5 (high)
ICTEFFIC,0.18336268,10,Q5 (high)
STUBEHA,0.18210109,11,Q5 (high)
STAFFSHORT,0.14589174,12,Q5 (high)
ICTSUBJ,0.14349617,13,Q5 (high)
COGACRCO,0.13186501,14,Q5 (high)
FAMSUP,0.13160272,15,Q5 (high)
GRADE,0.12940165,16,Q5 (high)
BULLIED,0.1293707,17,Q5 (high)
ST004D01T,0.12709375,18,Q5 (high)
MATHEF21,0.12635449,19,Q5 (high)
DISCLIM,0.1257068,20,Q5 (high)
TEACHBEHA,0.123623036,21,Q5 (high)
BELONG,0.1228053,22,Q5 (high)
MATHPERS,0.118013486,23,Q5 (high)
ICTHOME,0.10844301,24,Q5 (high)
EDUSHORT,0.10600636,25,Q5 (high)
TEACHSUP,0.09775195,26,Q5 (high)
FEELSAFE,0.09752384,27,Q5 (high)
ICTINFO,0.0933123,28,Q5 (high)
SCHRISK,0.0899745,29,Q5 (high)
ICTSCH,0.082355544,30,Q5 (high)
IMMIG,0.05348879,31,Q5 (high)
AGE,0.030868866,32,Q5 (high)
PAREDINT,0.02159754,33,Q5 (high)
