row_type,status,model,pv,task,metric,estimate,sampling_variance,training_seconds,peak_rss_delta,n_train,n_test,features,sample_weight,imputation_variance,total_variance,standard_error,ci_lower,ci_upper
pv_specific,FULL_DATA_CANDIDATE,EBM_additive,PV1MATH,classification,auc,0.8693335559585421,7.807829044835608e-06,223.741039417,289538048.0,490995,122749,33,normalized W_FSTUWT,,,,,
pv_specific,FULL_DATA_CANDIDATE,EBM_additive,PV1MATH,classification,brier,0.14635510131751997,2.609011101105082e-06,223.741039417,289538048.0,490995,122749,33,normalized W_FSTUWT,,,,,
pv_specific,FULL_DATA_CANDIDATE,EBM_additive,PV1MATH,classification,ece,0.00959666574244706,8.19508653732771e-06,223.741039417,289538048.0,490995,122749,33,normalized W_FSTUWT,,,,,
pv_specific,FULL_DATA_CANDIDATE,EBM_additive,PV1MATH,classification,calibration_slope,1.029975208371168,0.00019550996409952432,223.741039417,289538048.0,490995,122749,33,normalized W_FSTUWT,,,,,
pv_specific,FULL_DATA_CANDIDATE,EBM_additive,PV1MATH,regression,rmse,66.17390343883048,0.10455141686644974,76.068509791,289538048.0,490995,122749,33,normalized W_FSTUWT,,,,,
pv_specific,FULL_DATA_CANDIDATE,EBM_additive,PV1MATH,regression,r2,0.5540521585919378,2.8441387434668218e-05,76.068509791,289538048.0,490995,122749,33,normalized W_FSTUWT,,,,,
pv_specific,FULL_DATA_CANDIDATE,EBM_additive,PV2MATH,classification,auc,0.8656367709090117,7.883920186241807e-06,257.974947917,0.0,490995,122749,33,normalized W_FSTUWT,,,,,
pv_specific,FULL_DATA_CANDIDATE,EBM_additive,PV2MATH,classification,brier,0.1482585245813308,2.6298140455438094e-06,257.974947917,0.0,490995,122749,33,normalized W_FSTUWT,,,,,
pv_specific,FULL_DATA_CANDIDATE,EBM_additive,PV2MATH,classification,ece,0.006740313418205244,1.0625564644472626e-05,257.974947917,0.0,490995,122749,33,normalized W_FSTUWT,,,,,
pv_specific,FULL_DATA_CANDIDATE,EBM_additive,PV2MATH,classification,calibration_slope,1.01212504987094,0.00024914834810132476,257.974947917,0.0,490995,122749,33,normalized W_FSTUWT,,,,,
pv_specific,FULL_DATA_CANDIDATE,EBM_additive,PV2MATH,regression,rmse,66.08890732751499,0.08994037085197847,55.627884666,0.0,490995,122749,33,normalized W_FSTUWT,,,,,
pv_specific,FULL_DATA_CANDIDATE,EBM_additive,PV2MATH,regression,r2,0.5508787965261446,3.106479053402681e-05,55.627884666,0.0,490995,122749,33,normalized W_FSTUWT,,,,,
pv_specific,FULL_DATA_CANDIDATE,EBM_additive,PV3MATH,classification,auc,0.8701741940418618,6.8878150425053395e-06,123.09274812500007,0.0,490995,122749,33,normalized W_FSTUWT,,,,,
pv_specific,FULL_DATA_CANDIDATE,EBM_additive,PV3MATH,classification,brier,0.14589700873518213,2.4182233432054674e-06,123.09274812500007,0.0,490995,122749,33,normalized W_FSTUWT,,,,,
pv_specific,FULL_DATA_CANDIDATE,EBM_additive,PV3MATH,classification,ece,0.006828440478896388,7.222808223820203e-06,123.09274812500007,0.0,490995,122749,33,normalized W_FSTUWT,,,,,
pv_specific,FULL_DATA_CANDIDATE,EBM_additive,PV3MATH,classification,calibration_slope,1.0336303394041408,0.0002057255044863993,123.09274812500007,0.0,490995,122749,33,normalized W_FSTUWT,,,,,
pv_specific,FULL_DATA_CANDIDATE,EBM_additive,PV3MATH,regression,rmse,66.16050085349839,0.11676304957424954,36.11593725,0.0,490995,122749,33,normalized W_FSTUWT,,,,,
pv_specific,FULL_DATA_CANDIDATE,EBM_additive,PV3MATH,regression,r2,0.5543720558373888,3.221457343423296e-05,36.11593725,0.0,490995,122749,33,normalized W_FSTUWT,,,,,
pv_specific,FULL_DATA_CANDIDATE,EBM_additive,PV4MATH,classification,auc,0.8694187165989303,7.09269427393569e-06,125.30634183300003,0.0,490995,122749,33,normalized W_FSTUWT,,,,,
pv_specific,FULL_DATA_CANDIDATE,EBM_additive,PV4MATH,classification,brier,0.14623240377266078,2.529629184829159e-06,125.30634183300003,0.0,490995,122749,33,normalized W_FSTUWT,,,,,
pv_specific,FULL_DATA_CANDIDATE,EBM_additive,PV4MATH,classification,ece,0.007114666583570623,9.58168065799001e-06,125.30634183300003,0.0,490995,122749,33,normalized W_FSTUWT,,,,,
pv_specific,FULL_DATA_CANDIDATE,EBM_additive,PV4MATH,classification,calibration_slope,1.03632978026428,0.0001980453537383012,125.30634183300003,0.0,490995,122749,33,normalized W_FSTUWT,,,,,
pv_specific,FULL_DATA_CANDIDATE,EBM_additive,PV4MATH,regression,rmse,66.19750042646123,0.10457877155386126,37.44574470800001,0.0,490995,122749,33,normalized W_FSTUWT,,,,,
pv_specific,FULL_DATA_CANDIDATE,EBM_additive,PV4MATH,regression,r2,0.5512297644441959,3.073815234570877e-05,37.44574470800001,0.0,490995,122749,33,normalized W_FSTUWT,,,,,
pv_specific,FULL_DATA_CANDIDATE,EBM_additive,PV5MATH,classification,auc,0.868144746150104,6.982181194181349e-06,118.46871920900014,0.0,490995,122749,33,normalized W_FSTUWT,,,,,
pv_specific,FULL_DATA_CANDIDATE,EBM_additive,PV5MATH,classification,brier,0.14684259391595916,2.41695340294174e-06,118.46871920900014,0.0,490995,122749,33,normalized W_FSTUWT,,,,,
pv_specific,FULL_DATA_CANDIDATE,EBM_additive,PV5MATH,classification,ece,0.008537622886813114,7.170636869149937e-06,118.46871920900014,0.0,490995,122749,33,normalized W_FSTUWT,,,,,
pv_specific,FULL_DATA_CANDIDATE,EBM_additive,PV5MATH,classification,calibration_slope,1.0233684112307448,0.00022849070998399459,118.46871920900014,0.0,490995,122749,33,normalized W_FSTUWT,,,,,
pv_specific,FULL_DATA_CANDIDATE,EBM_additive,PV5MATH,regression,rmse,66.19165625169727,0.1122675051778061,47.98486275000005,0.0,490995,122749,33,normalized W_FSTUWT,,,,,
pv_specific,FULL_DATA_CANDIDATE,EBM_additive,PV5MATH,regression,r2,0.5532830857999951,2.8979845246477527e-05,47.98486275000005,0.0,490995,122749,33,normalized W_FSTUWT,,,,,
pv_specific,FULL_DATA_CANDIDATE,EBM_additive,PV6MATH,classification,auc,0.869064277911426,8.828102074776097e-06,157.95203033400003,0.0,490995,122749,33,normalized W_FSTUWT,,,,,
pv_specific,FULL_DATA_CANDIDATE,EBM_additive,PV6MATH,classification,brier,0.14636286916796754,3.0286019384563603e-06,157.95203033400003,0.0,490995,122749,33,normalized W_FSTUWT,,,,,
pv_specific,FULL_DATA_CANDIDATE,EBM_additive,PV6MATH,classification,ece,0.008866751913816005,8.782346134439997e-06,157.95203033400003,0.0,490995,122749,33,normalized W_FSTUWT,,,,,
pv_specific,FULL_DATA_CANDIDATE,EBM_additive,PV6MATH,classification,calibration_slope,1.0326537504804718,0.00024222791190571175,157.95203033400003,0.0,490995,122749,33,normalized W_FSTUWT,,,,,
pv_specific,FULL_DATA_CANDIDATE,EBM_additive,PV6MATH,regression,rmse,66.284353094567,0.10774614187469334,34.46074900000008,0.0,490995,122749,33,normalized W_FSTUWT,,,,,
pv_specific,FULL_DATA_CANDIDATE,EBM_additive,PV6MATH,regression,r2,0.552258677418205,3.136325017195242e-05,34.46074900000008,0.0,490995,122749,33,normalized W_FSTUWT,,,,,
pv_specific,FULL_DATA_CANDIDATE,EBM_additive,PV7MATH,classification,auc,0.871522555234879,8.176634386920371e-06,105.10859454199999,0.0,490995,122749,33,normalized W_FSTUWT,,,,,
pv_specific,FULL_DATA_CANDIDATE,EBM_additive,PV7MATH,classification,brier,0.14522519771410008,2.7879486370131016e-06,105.10859454199999,0.0,490995,122749,33,normalized W_FSTUWT,,,,,
pv_specific,FULL_DATA_CANDIDATE,EBM_additive,PV7MATH,classification,ece,0.010328235165396122,6.116839126002753e-06,105.10859454199999,0.0,490995,122749,33,normalized W_FSTUWT,,,,,
pv_specific,FULL_DATA_CANDIDATE,EBM_additive,PV7MATH,classification,calibration_slope,1.0484095402946292,0.00023105931808192374,105.10859454199999,0.0,490995,122749,33,normalized W_FSTUWT,,,,,
pv_specific,FULL_DATA_CANDIDATE,EBM_additive,PV7MATH,regression,rmse,65.95268415447498,0.10448074660531376,26.566077665999956,0.0,490995,122749,33,normalized W_FSTUWT,,,,,
pv_specific,FULL_DATA_CANDIDATE,EBM_additive,PV7MATH,regression,r2,0.5552657812803623,3.590226083233831e-05,26.566077665999956,0.0,490995,122749,33,normalized W_FSTUWT,,,,,
pv_specific,FULL_DATA_CANDIDATE,EBM_additive,PV8MATH,classification,auc,0.8681854512343001,7.487421311447094e-06,90.53389341599996,0.0,490995,122749,33,normalized W_FSTUWT,,,,,
pv_specific,FULL_DATA_CANDIDATE,EBM_additive,PV8MATH,classification,brier,0.1471111627524459,2.3757768633108935e-06,90.53389341599996,0.0,490995,122749,33,normalized W_FSTUWT,,,,,
pv_specific,FULL_DATA_CANDIDATE,EBM_additive,PV8MATH,classification,ece,0.00755057609944571,8.041428209143838e-06,90.53389341599996,0.0,490995,122749,33,normalized W_FSTUWT,,,,,
pv_specific,FULL_DATA_CANDIDATE,EBM_additive,PV8MATH,classification,calibration_slope,1.0314061389924256,0.0002020313629617356,90.53389341599996,0.0,490995,122749,33,normalized W_FSTUWT,,,,,
pv_specific,FULL_DATA_CANDIDATE,EBM_additive,PV8MATH,regression,rmse,66.2274864835691,0.11258497765770253,25.891234833999988,0.0,490995,122749,33,normalized W_FSTUWT,,,,,
pv_specific,FULL_DATA_CANDIDATE,EBM_additive,PV8MATH,regression,r2,0.5528613806647138,3.151846058633717e-05,25.891234833999988,0.0,490995,122749,33,normalized W_FSTUWT,,,,,
pv_specific,FULL_DATA_CANDIDATE,EBM_additive,PV9MATH,classification,auc,0.8697555920361777,8.840019330732771e-06,88.77526079099994,0.0,490995,122749,33,normalized W_FSTUWT,,,,,
pv_specific,FULL_DATA_CANDIDATE,EBM_additive,PV9MATH,classification,brier,0.1459417753603105,2.923686750351786e-06,88.77526079099994,0.0,490995,122749,33,normalized W_FSTUWT,,,,,
pv_specific,FULL_DATA_CANDIDATE,EBM_additive,PV9MATH,classification,ece,0.009508794523553047,9.172332939988472e-06,88.77526079099994,0.0,490995,122749,33,normalized W_FSTUWT,,,,,
pv_specific,FULL_DATA_CANDIDATE,EBM_additive,PV9MATH,classification,calibration_slope,1.037360557266648,0.0002543538779510973,88.77526079099994,0.0,490995,122749,33,normalized W_FSTUWT,,,,,
pv_specific,FULL_DATA_CANDIDATE,EBM_additive,PV9MATH,regression,rmse,66.37199164095729,0.10821910200811112,25.558109833000117,0.0,490995,122749,33,normalized W_FSTUWT,,,,,
pv_specific,FULL_DATA_CANDIDATE,EBM_additive,PV9MATH,regression,r2,0.5521772314538675,3.2404542263541616e-05,25.558109833000117,0.0,490995,122749,33,normalized W_FSTUWT,,,,,
pv_specific,FULL_DATA_CANDIDATE,EBM_additive,PV10MATH,classification,auc,0.8678693133618469,6.7044678075588865e-06,97.90279962500017,0.0,490995,122749,33,normalized W_FSTUWT,,,,,
pv_specific,FULL_DATA_CANDIDATE,EBM_additive,PV10MATH,classification,brier,0.14714343806736538,2.2438019799923267e-06,97.90279962500017,0.0,490995,122749,33,normalized W_FSTUWT,,,,,
pv_specific,FULL_DATA_CANDIDATE,EBM_additive,PV10MATH,classification,ece,0.008394356362630523,7.571799236309773e-06,97.90279962500017,0.0,490995,122749,33,normalized W_FSTUWT,,,,,
pv_specific,FULL_DATA_CANDIDATE,EBM_additive,PV10MATH,classification,calibration_slope,1.0143328364792255,0.0001788944437579364,97.90279962500017,0.0,490995,122749,33,normalized W_FSTUWT,,,,,
pv_specific,FULL_DATA_CANDIDATE,EBM_additive,PV10MATH,regression,rmse,65.89459750222828,0.09620401754263502,27.420474250000098,0.0,490995,122749,33,normalized W_FSTUWT,,,,,
pv_specific,FULL_DATA_CANDIDATE,EBM_additive,PV10MATH,regression,r2,0.5550357173634572,3.1375499427567346e-05,27.420474250000098,0.0,490995,122749,33,normalized W_FSTUWT,,,,,
pv_pooled,FULL_DATA_CANDIDATE,EBM_additive,PV1MATH-PV10MATH,classification,auc,0.8689105173437082,7.6691084653135e-06,,,490995,122749,33,normalized W_FSTUWT,2.5009211419502905e-06,1.042012172145882e-05,0.0032280213322496525,0.8625835955324989,0.8752374391549175
pv_pooled,FULL_DATA_CANDIDATE,EBM_additive,PV1MATH-PV10MATH,classification,brier,0.14653700753848423,2.5963447246749727e-06,,,490995,122749,33,normalized W_FSTUWT,7.105953875517469e-07,3.3779996509818945e-06,0.0018379335273567144,0.14293465782486506,0.1501393572521034
pv_pooled,FULL_DATA_CANDIDATE,EBM_additive,PV1MATH-PV10MATH,classification,ece,0.008346642317477384,8.248052257864532e-06,,,490995,122749,33,normalized W_FSTUWT,1.57620507954314e-06,9.981877845361986e-06,0.0031594109965881276,0.002154196764164654,0.014539087870790115
pv_pooled,FULL_DATA_CANDIDATE,EBM_additive,PV1MATH-PV10MATH,classification,calibration_slope,1.0299591612654675,0.0002185486795067949,,,490995,122749,33,normalized W_FSTUWT,0.00011825442656746552,0.000348628548731007,0.018671597380272718,0.993362830400133,1.066555492130802
pv_pooled,FULL_DATA_CANDIDATE,EBM_additive,PV1MATH-PV10MATH,regression,rmse,66.1543581173799,0.10573360997128009,,,490995,122749,33,normalized W_FSTUWT,0.020634970607311398,0.12843207763932263,0.35837421452906265,65.45194465690294,66.85677157785686
pv_pooled,FULL_DATA_CANDIDATE,EBM_additive,PV1MATH-PV10MATH,regression,r2,0.5531414649380269,3.140027622768511e-05,,,490995,122749,33,normalized W_FSTUWT,2.336273319166774e-06,3.3970176878768564e-05,0.005828394022264501,0.5417178126543885,0.5645651172216652
