pv,estimand,task,group,metric,estimate,n
PV1MATH,population,regression,global,rmse,60.75842504397402,123406
PV1MATH,population,regression,global,r2,0.6239886949823547,123406
PV1MATH,population,classification,global,auc,0.8848497636102869,123406
PV1MATH,population,classification,global,brier,0.13667193024076518,123406
PV1MATH,population,classification,global,ece,0.032359694340339355,123406
PV1MATH,population,classification,global,calibration_slope,0.7847962463186352,123406
PV1MATH,population,classification,low_ses_non_native,auc,0.8514477067068614,2533
PV1MATH,population,classification,low_ses_non_native,brier,0.1561885111852778,2533
PV1MATH,population,classification,low_ses_non_native,ece,0.06784253487787212,2533
PV1MATH,population,classification,low_ses_non_native,calibration_slope,0.8417261070894612,2533
PV1MATH,population,classification,high_ses_native,auc,0.8570790206685748,24909
PV1MATH,population,classification,high_ses_native,brier,0.10882200107730483,24909
PV1MATH,population,classification,high_ses_native,ece,0.029312534019253073,24909
PV1MATH,population,classification,high_ses_native,calibration_slope,0.8296836397300086,24909
PV1MATH,population,classification,contrast,auc_difference,-0.005631313961713347,27442
PV1MATH,population,classification,contrast,ece_difference,0.03548284053753276,27442
PV1MATH,population,classification,contrast,slope_difference,0.05692986077082596,27442
PV1MATH,senate,regression,global,rmse,64.72562455713889,123406
PV1MATH,senate,regression,global,r2,0.6050507231300768,123406
PV1MATH,senate,classification,global,auc,0.8769367259861898,123406
PV1MATH,senate,classification,global,brier,0.14305396423948216,123406
PV1MATH,senate,classification,global,ece,0.021576824501065524,123406
PV1MATH,senate,classification,global,calibration_slope,0.8553865220334604,123406
PV1MATH,senate,classification,low_ses_non_native,auc,0.850482984874408,2533
PV1MATH,senate,classification,low_ses_non_native,brier,0.15849525631397696,2533
PV1MATH,senate,classification,low_ses_non_native,ece,0.028837017917979116,2533
PV1MATH,senate,classification,low_ses_non_native,calibration_slope,0.857114509533532,2533
PV1MATH,senate,classification,high_ses_native,auc,0.8555954942658922,24909
PV1MATH,senate,classification,high_ses_native,brier,0.10902963339083904,24909
PV1MATH,senate,classification,high_ses_native,ece,0.017415658806064903,24909
PV1MATH,senate,classification,high_ses_native,calibration_slope,0.8913261541652573,24909
PV1MATH,senate,classification,contrast,auc_difference,-0.005112509391484221,27442
PV1MATH,senate,classification,contrast,ece_difference,0.007260193416913592,27442
PV1MATH,senate,classification,contrast,slope_difference,0.0017279875000715261,27442
PV2MATH,population,regression,global,rmse,60.91948266789807,123406
PV2MATH,population,regression,global,r2,0.6224327140957797,123406
PV2MATH,population,classification,global,auc,0.886142014407902,123406
PV2MATH,population,classification,global,brier,0.13598320860157104,123406
PV2MATH,population,classification,global,ece,0.03134268010900451,123406
PV2MATH,population,classification,global,calibration_slope,0.794933455591658,123406
PV2MATH,population,classification,low_ses_non_native,auc,0.841231588415417,2533
PV2MATH,population,classification,low_ses_non_native,brier,0.1602761987693317,2533
PV2MATH,population,classification,low_ses_non_native,ece,0.062326080538515384,2533
PV2MATH,population,classification,low_ses_non_native,calibration_slope,0.782074082039946,2533
PV2MATH,population,classification,high_ses_native,auc,0.8596681892483048,24909
PV2MATH,population,classification,high_ses_native,brier,0.1065488831224304,24909
PV2MATH,population,classification,high_ses_native,ece,0.03207146524747547,24909
PV2MATH,population,classification,high_ses_native,calibration_slope,0.8353507634999371,24909
PV2MATH,population,classification,contrast,auc_difference,-0.018436600832887784,27442
PV2MATH,population,classification,contrast,ece_difference,0.030983400429510873,27442
PV2MATH,population,classification,contrast,slope_difference,-0.012859373551711961,27442
PV2MATH,senate,regression,global,rmse,64.83964305896446,123406
PV2MATH,senate,regression,global,r2,0.6040321894364007,123406
PV2MATH,senate,classification,global,auc,0.878257781695591,123406
PV2MATH,senate,classification,global,brier,0.14219649379619884,123406
PV2MATH,senate,classification,global,ece,0.019608822690966733,123406
PV2MATH,senate,classification,global,calibration_slope,0.8681048293634964,123406
PV2MATH,senate,classification,low_ses_non_native,auc,0.8655911776269967,2533
PV2MATH,senate,classification,low_ses_non_native,brier,0.15105147870093932,2533
PV2MATH,senate,classification,low_ses_non_native,ece,0.042737553269583714,2533
PV2MATH,senate,classification,low_ses_non_native,calibration_slope,0.930872122122841,2533
PV2MATH,senate,classification,high_ses_native,auc,0.8548519029129774,24909
PV2MATH,senate,classification,high_ses_native,brier,0.10886820091015482,24909
PV2MATH,senate,classification,high_ses_native,ece,0.015377861393896465,24909
PV2MATH,senate,classification,high_ses_native,calibration_slope,0.8910900036306004,24909
PV2MATH,senate,classification,contrast,auc_difference,0.010739274714019253,27442
PV2MATH,senate,classification,contrast,ece_difference,0.02312873057861698,27442
PV2MATH,senate,classification,contrast,slope_difference,0.06276729275934456,27442
PV3MATH,population,regression,global,rmse,61.103821642532736,123406
PV3MATH,population,regression,global,r2,0.6209532353583707,123406
PV3MATH,population,classification,global,auc,0.8844792397612817,123406
PV3MATH,population,classification,global,brier,0.13674062637829149,123406
PV3MATH,population,classification,global,ece,0.03313673123557833,123406
PV3MATH,population,classification,global,calibration_slope,0.7849083300209068,123406
PV3MATH,population,classification,low_ses_non_native,auc,0.8256482840404444,2533
PV3MATH,population,classification,low_ses_non_native,brier,0.16899373737059875,2533
PV3MATH,population,classification,low_ses_non_native,ece,0.08395519737503822,2533
PV3MATH,population,classification,low_ses_non_native,calibration_slope,0.6802216108008042,2533
PV3MATH,population,classification,high_ses_native,auc,0.8539838733328019,24909
PV3MATH,population,classification,high_ses_native,brier,0.10928869018148657,24909
PV3MATH,population,classification,high_ses_native,ece,0.03592688041263107,24909
PV3MATH,population,classification,high_ses_native,calibration_slope,0.7967539917049841,24909
PV3MATH,population,classification,contrast,auc_difference,-0.028335589292357466,27442
PV3MATH,population,classification,contrast,ece_difference,0.05081846613945989,27442
PV3MATH,population,classification,contrast,slope_difference,-0.10468671922010253,27442
PV3MATH,senate,regression,global,rmse,64.40429053492531,123406
PV3MATH,senate,regression,global,r2,0.6079178260526009,123406
PV3MATH,senate,classification,global,auc,0.8789130615478958,123406
PV3MATH,senate,classification,global,brier,0.14193383155634617,123406
PV3MATH,senate,classification,global,ece,0.021486674223191587,123406
PV3MATH,senate,classification,global,calibration_slope,0.8646495788897123,123406
PV3MATH,senate,classification,low_ses_non_native,auc,0.8603360463571608,2533
PV3MATH,senate,classification,low_ses_non_native,brier,0.1543233060687104,2533
PV3MATH,senate,classification,low_ses_non_native,ece,0.0405478694641177,2533
PV3MATH,senate,classification,low_ses_non_native,calibration_slope,0.8878358769361289,2533
PV3MATH,senate,classification,high_ses_native,auc,0.8555014633500474,24909
PV3MATH,senate,classification,high_ses_native,brier,0.10938558803023785,24909
PV3MATH,senate,classification,high_ses_native,ece,0.017364107930603005,24909
PV3MATH,senate,classification,high_ses_native,calibration_slope,0.886057534265731,24909
PV3MATH,senate,classification,contrast,auc_difference,0.004834583007113369,27442
PV3MATH,senate,classification,contrast,ece_difference,0.019061195240926115,27442
PV3MATH,senate,classification,contrast,slope_difference,0.023186298046416587,27442
PV4MATH,population,regression,global,rmse,60.87809900082595,123406
PV4MATH,population,regression,global,r2,0.6204507687080228,123406
PV4MATH,population,classification,global,auc,0.8870210347520434,123406
PV4MATH,population,classification,global,brier,0.1353816175003608,123406
PV4MATH,population,classification,global,ece,0.031555834367168925,123406
PV4MATH,population,classification,global,calibration_slope,0.7941872863405373,123406
PV4MATH,population,classification,low_ses_non_native,auc,0.8406482186929872,2533
PV4MATH,population,classification,low_ses_non_native,brier,0.16013778463542414,2533
PV4MATH,population,classification,low_ses_non_native,ece,0.07885785347230115,2533
PV4MATH,population,classification,low_ses_non_native,calibration_slope,0.8198916145757347,2533
PV4MATH,population,classification,high_ses_native,auc,0.8697959978725358,24909
PV4MATH,population,classification,high_ses_native,brier,0.10130849745835202,24909
PV4MATH,population,classification,high_ses_native,ece,0.02164493289454275,24909
PV4MATH,population,classification,high_ses_native,calibration_slope,0.8945256372432943,24909
PV4MATH,population,classification,contrast,auc_difference,-0.029147779179548583,27442
PV4MATH,population,classification,contrast,ece_difference,0.04730201910513222,27442
PV4MATH,population,classification,contrast,slope_difference,0.025704328235197416,27442
PV4MATH,senate,regression,global,rmse,64.67251932917961,123406
PV4MATH,senate,regression,global,r2,0.6050746153889124,123406
PV4MATH,senate,classification,global,auc,0.8776583695690553,123406
PV4MATH,senate,classification,global,brier,0.14267047485048182,123406
PV4MATH,senate,classification,global,ece,0.0219623406406459,123406
PV4MATH,senate,classification,global,calibration_slope,0.8597957447875704,123406
PV4MATH,senate,classification,low_ses_non_native,auc,0.8570497181945929,2533
PV4MATH,senate,classification,low_ses_non_native,brier,0.15539708993266327,2533
PV4MATH,senate,classification,low_ses_non_native,ece,0.03756400927434571,2533
PV4MATH,senate,classification,low_ses_non_native,calibration_slope,0.9250296475042792,2533
PV4MATH,senate,classification,high_ses_native,auc,0.8548543417301734,24909
PV4MATH,senate,classification,high_ses_native,brier,0.10964674561310761,24909
PV4MATH,senate,classification,high_ses_native,ece,0.018478688858242966,24909
PV4MATH,senate,classification,high_ses_native,calibration_slope,0.8866570429646077,24909
PV4MATH,senate,classification,contrast,auc_difference,0.002195376464419474,27442
PV4MATH,senate,classification,contrast,ece_difference,0.015601668633699807,27442
PV4MATH,senate,classification,contrast,slope_difference,0.06523390271670881,27442
PV5MATH,population,regression,global,rmse,60.94479279690699,123406
PV5MATH,population,regression,global,r2,0.6229182342065211,123406
PV5MATH,population,classification,global,auc,0.8865425492586687,123406
PV5MATH,population,classification,global,brier,0.13607360609611868,123406
PV5MATH,population,classification,global,ece,0.03312403116012864,123406
PV5MATH,population,classification,global,calibration_slope,0.7933554289029427,123406
PV5MATH,population,classification,low_ses_non_native,auc,0.8366664916906515,2533
PV5MATH,population,classification,low_ses_non_native,brier,0.16326566428913206,2533
PV5MATH,population,classification,low_ses_non_native,ece,0.07243973395250884,2533
PV5MATH,population,classification,low_ses_non_native,calibration_slope,0.7293044328762054,2533
PV5MATH,population,classification,high_ses_native,auc,0.8656762825711516,24909
PV5MATH,population,classification,high_ses_native,brier,0.10421559070527593,24909
PV5MATH,population,classification,high_ses_native,ece,0.025768029335689734,24909
PV5MATH,population,classification,high_ses_native,calibration_slope,0.8714929278497053,24909
PV5MATH,population,classification,contrast,auc_difference,-0.02900979088050004,27442
PV5MATH,population,classification,contrast,ece_difference,0.039315702792380204,27442
PV5MATH,population,classification,contrast,slope_difference,-0.06405099602673736,27442
PV5MATH,senate,regression,global,rmse,64.7680423081437,123406
PV5MATH,senate,regression,global,r2,0.6057710182781961,123406
PV5MATH,senate,classification,global,auc,0.8777125038899296,123406
PV5MATH,senate,classification,global,brier,0.1426507454810283,123406
PV5MATH,senate,classification,global,ece,0.022493748674383314,123406
PV5MATH,senate,classification,global,calibration_slope,0.8584472861178964,123406
PV5MATH,senate,classification,low_ses_non_native,auc,0.8571095072575161,2533
PV5MATH,senate,classification,low_ses_non_native,brier,0.15651225381493408,2533
PV5MATH,senate,classification,low_ses_non_native,ece,0.04859173425441839,2533
PV5MATH,senate,classification,low_ses_non_native,calibration_slope,0.8678618005682877,2533
PV5MATH,senate,classification,high_ses_native,auc,0.8536348317338294,24909
PV5MATH,senate,classification,high_ses_native,brier,0.11018214969882123,24909
PV5MATH,senate,classification,high_ses_native,ece,0.018552585760863896,24909
PV5MATH,senate,classification,high_ses_native,calibration_slope,0.8853552208513471,24909
PV5MATH,senate,classification,contrast,auc_difference,0.0034746755236867433,27442
PV5MATH,senate,classification,contrast,ece_difference,0.026097985580035073,27442
PV5MATH,senate,classification,contrast,slope_difference,0.00941451445039121,27442
PV6MATH,population,regression,global,rmse,61.47426514660024,123406
PV6MATH,population,regression,global,r2,0.6192620631832604,123406
PV6MATH,population,classification,global,auc,0.8873314340766787,123406
PV6MATH,population,classification,global,brier,0.13564412377843552,123406
PV6MATH,population,classification,global,ece,0.03148752122387074,123406
PV6MATH,population,classification,global,calibration_slope,0.8022448466406215,123406
PV6MATH,population,classification,low_ses_non_native,auc,0.8178991340655223,2533
PV6MATH,population,classification,low_ses_non_native,brier,0.17618625713990924,2533
PV6MATH,population,classification,low_ses_non_native,ece,0.085571160383551,2533
PV6MATH,population,classification,low_ses_non_native,calibration_slope,0.7087102711864754,2533
PV6MATH,population,classification,high_ses_native,auc,0.8575873525038596,24909
PV6MATH,population,classification,high_ses_native,brier,0.10862592530032518,24909
PV6MATH,population,classification,high_ses_native,ece,0.029193521903011815,24909
PV6MATH,population,classification,high_ses_native,calibration_slope,0.8335378054024595,24909
PV6MATH,population,classification,contrast,auc_difference,-0.039688218438337364,27442
PV6MATH,population,classification,contrast,ece_difference,0.054083639159680265,27442
PV6MATH,population,classification,contrast,slope_difference,-0.09353457545414601,27442
PV6MATH,senate,regression,global,rmse,65.07107230043815,123406
PV6MATH,senate,regression,global,r2,0.6020953677847849,123406
PV6MATH,senate,classification,global,auc,0.8776270276835993,123406
PV6MATH,senate,classification,global,brier,0.14274683602137914,123406
PV6MATH,senate,classification,global,ece,0.022344716145657726,123406
PV6MATH,senate,classification,global,calibration_slope,0.86076365388222,123406
PV6MATH,senate,classification,low_ses_non_native,auc,0.8535652644758176,2533
PV6MATH,senate,classification,low_ses_non_native,brier,0.15790868753141687,2533
PV6MATH,senate,classification,low_ses_non_native,ece,0.03946573043732611,2533
PV6MATH,senate,classification,low_ses_non_native,calibration_slope,0.8768641683063554,2533
PV6MATH,senate,classification,high_ses_native,auc,0.8547366688689712,24909
PV6MATH,senate,classification,high_ses_native,brier,0.11028887916565099,24909
PV6MATH,senate,classification,high_ses_native,ece,0.01824604711035359,24909
PV6MATH,senate,classification,high_ses_native,calibration_slope,0.8848446869508132,24909
PV6MATH,senate,classification,contrast,auc_difference,-0.0011714043931535523,27442
PV6MATH,senate,classification,contrast,ece_difference,0.017121014291668384,27442
PV6MATH,senate,classification,contrast,slope_difference,0.016100514424135404,27442
PV7MATH,population,regression,global,rmse,60.8937638340374,123406
PV7MATH,population,regression,global,r2,0.6234612960128343,123406
PV7MATH,population,classification,global,auc,0.8901011855294624,123406
PV7MATH,population,classification,global,brier,0.13307290081656234,123406
PV7MATH,population,classification,global,ece,0.02842376925801233,123406
PV7MATH,population,classification,global,calibration_slope,0.8125737660797071,123406
PV7MATH,population,classification,low_ses_non_native,auc,0.8383739877926246,2533
PV7MATH,population,classification,low_ses_non_native,brier,0.16215461241174656,2533
PV7MATH,population,classification,low_ses_non_native,ece,0.07742627331488378,2533
PV7MATH,population,classification,low_ses_non_native,calibration_slope,0.7465473510216226,2533
PV7MATH,population,classification,high_ses_native,auc,0.855622449769125,24909
PV7MATH,population,classification,high_ses_native,brier,0.10650944928720808,24909
PV7MATH,population,classification,high_ses_native,ece,0.02531254273753847,24909
PV7MATH,population,classification,high_ses_native,calibration_slope,0.8294925207272676,24909
PV7MATH,population,classification,contrast,auc_difference,-0.01724846197650043,27442
PV7MATH,population,classification,contrast,ece_difference,0.04900250405687145,27442
PV7MATH,population,classification,contrast,slope_difference,-0.06602641505808449,27442
PV7MATH,senate,regression,global,rmse,64.81365828206019,123406
PV7MATH,senate,regression,global,r2,0.6044018363544754,123406
PV7MATH,senate,classification,global,auc,0.8779271067880197,123406
PV7MATH,senate,classification,global,brier,0.14250414435933756,123406
PV7MATH,senate,classification,global,ece,0.02201536186070675,123406
PV7MATH,senate,classification,global,calibration_slope,0.8600222981224682,123406
PV7MATH,senate,classification,low_ses_non_native,auc,0.8531490259245998,2533
PV7MATH,senate,classification,low_ses_non_native,brier,0.15787864665395154,2533
PV7MATH,senate,classification,low_ses_non_native,ece,0.03970768201033628,2533
PV7MATH,senate,classification,low_ses_non_native,calibration_slope,0.8562535205369267,2533
PV7MATH,senate,classification,high_ses_native,auc,0.8543895072311511,24909
PV7MATH,senate,classification,high_ses_native,brier,0.11024681594282984,24909
PV7MATH,senate,classification,high_ses_native,ece,0.017107712625121604,24909
PV7MATH,senate,classification,high_ses_native,calibration_slope,0.8817251447553263,24909
PV7MATH,senate,classification,contrast,auc_difference,-0.0012404813065512998,27442
PV7MATH,senate,classification,contrast,ece_difference,0.017692320149629532,27442
PV7MATH,senate,classification,contrast,slope_difference,-0.003768777585541505,27442
PV8MATH,population,regression,global,rmse,60.88910646941376,123406
PV8MATH,population,regression,global,r2,0.6238707679554836,123406
PV8MATH,population,classification,global,auc,0.8852605904401947,123406
PV8MATH,population,classification,global,brier,0.13696009919691202,123406
PV8MATH,population,classification,global,ece,0.030952620313435868,123406
PV8MATH,population,classification,global,calibration_slope,0.7881336962322775,123406
PV8MATH,population,classification,low_ses_non_native,auc,0.854203424128556,2533
PV8MATH,population,classification,low_ses_non_native,brier,0.1539623313558512,2533
PV8MATH,population,classification,low_ses_non_native,ece,0.036313963440420025,2533
PV8MATH,population,classification,low_ses_non_native,calibration_slope,0.8308900240548998,2533
PV8MATH,population,classification,high_ses_native,auc,0.8554688168360072,24909
PV8MATH,population,classification,high_ses_native,brier,0.10517557302709944,24909
PV8MATH,population,classification,high_ses_native,ece,0.02294516807135281,24909
PV8MATH,population,classification,high_ses_native,calibration_slope,0.8267249728539195,24909
PV8MATH,population,classification,contrast,auc_difference,-0.001265392707451185,27442
PV8MATH,population,classification,contrast,ece_difference,0.005361343126984157,27442
PV8MATH,population,classification,contrast,slope_difference,0.042756327822622286,27442
PV8MATH,senate,regression,global,rmse,64.78700880023884,123406
PV8MATH,senate,regression,global,r2,0.6050519978975646,123406
PV8MATH,senate,classification,global,auc,0.8775330931008054,123406
PV8MATH,senate,classification,global,brier,0.1427203797856499,123406
PV8MATH,senate,classification,global,ece,0.021131307318281594,123406
PV8MATH,senate,classification,global,calibration_slope,0.8647242040505787,123406
PV8MATH,senate,classification,low_ses_non_native,auc,0.8618863282612174,2533
PV8MATH,senate,classification,low_ses_non_native,brier,0.15309417545782358,2533
PV8MATH,senate,classification,low_ses_non_native,ece,0.038857401036737585,2533
PV8MATH,senate,classification,low_ses_non_native,calibration_slope,0.9366130668231629,2533
PV8MATH,senate,classification,high_ses_native,auc,0.8527011741825652,24909
PV8MATH,senate,classification,high_ses_native,brier,0.11086774748090507,24909
PV8MATH,senate,classification,high_ses_native,ece,0.018175082410523784,24909
PV8MATH,senate,classification,high_ses_native,calibration_slope,0.8839022313361784,24909
PV8MATH,senate,classification,contrast,auc_difference,0.009185154078652169,27442
PV8MATH,senate,classification,contrast,ece_difference,0.01772609371845599,27442
PV8MATH,senate,classification,contrast,slope_difference,0.07188886277258422,27442
PV9MATH,population,regression,global,rmse,61.392940404702685,123406
PV9MATH,population,regression,global,r2,0.6171022074800206,123406
PV9MATH,population,classification,global,auc,0.8871325296806756,123406
PV9MATH,population,classification,global,brier,0.13525293087310022,123406
PV9MATH,population,classification,global,ece,0.029603711991008218,123406
PV9MATH,population,classification,global,calibration_slope,0.7960938058654313,123406
PV9MATH,population,classification,low_ses_non_native,auc,0.8434873612844922,2533
PV9MATH,population,classification,low_ses_non_native,brier,0.15842697213655324,2533
PV9MATH,population,classification,low_ses_non_native,ece,0.07593702733933828,2533
PV9MATH,population,classification,low_ses_non_native,calibration_slope,0.776394510358736,2533
PV9MATH,population,classification,high_ses_native,auc,0.864204594150913,24909
PV9MATH,population,classification,high_ses_native,brier,0.10358991605053952,24909
PV9MATH,population,classification,high_ses_native,ece,0.02219862117896154,24909
PV9MATH,population,classification,high_ses_native,calibration_slope,0.8512408372665906,24909
PV9MATH,population,classification,contrast,auc_difference,-0.0207172328664208,27442
PV9MATH,population,classification,contrast,ece_difference,0.046333315348330066,27442
PV9MATH,population,classification,contrast,slope_difference,-0.019699295506695358,27442
PV9MATH,senate,regression,global,rmse,64.75506080199696,123406
PV9MATH,senate,regression,global,r2,0.6056907997078954,123406
PV9MATH,senate,classification,global,auc,0.8782310733386324,123406
PV9MATH,senate,classification,global,brier,0.14231411272435587,123406
PV9MATH,senate,classification,global,ece,0.021558887206738542,123406
PV9MATH,senate,classification,global,calibration_slope,0.863596946379652,123406
PV9MATH,senate,classification,low_ses_non_native,auc,0.8596068479047522,2533
PV9MATH,senate,classification,low_ses_non_native,brier,0.15472092551925776,2533
PV9MATH,senate,classification,low_ses_non_native,ece,0.0521853473342313,2533
PV9MATH,senate,classification,low_ses_non_native,calibration_slope,0.8778512154605794,2533
PV9MATH,senate,classification,high_ses_native,auc,0.8568488225594891,24909
PV9MATH,senate,classification,high_ses_native,brier,0.10869923649502473,24909
PV9MATH,senate,classification,high_ses_native,ece,0.016647055737161263,24909
PV9MATH,senate,classification,high_ses_native,calibration_slope,0.8994512582840596,24909
PV9MATH,senate,classification,contrast,auc_difference,0.0027580253452630377,27442
PV9MATH,senate,classification,contrast,ece_difference,0.03062646012749276,27442
PV9MATH,senate,classification,contrast,slope_difference,0.014254269080927418,27442
PV10MATH,population,regression,global,rmse,60.973671953772616,123406
PV10MATH,population,regression,global,r2,0.6243005819174345,123406
PV10MATH,population,classification,global,auc,0.8863645357414753,123406
PV10MATH,population,classification,global,brier,0.13662518908180885,123406
PV10MATH,population,classification,global,ece,0.03586768063669999,123406
PV10MATH,population,classification,global,calibration_slope,0.7830903104759582,123406
PV10MATH,population,classification,low_ses_non_native,auc,0.8056951754712156,2533
PV10MATH,population,classification,low_ses_non_native,brier,0.1880316166712625,2533
PV10MATH,population,classification,low_ses_non_native,ece,0.10205867999396094,2533
PV10MATH,population,classification,low_ses_non_native,calibration_slope,0.6301692134995376,2533
PV10MATH,population,classification,high_ses_native,auc,0.8547637574330577,24909
PV10MATH,population,classification,high_ses_native,brier,0.11120207760872206,24909
PV10MATH,population,classification,high_ses_native,ece,0.034088997502616084,24909
PV10MATH,population,classification,high_ses_native,calibration_slope,0.8180113161508942,24909
PV10MATH,population,classification,contrast,auc_difference,-0.04906858196184205,27442
PV10MATH,population,classification,contrast,ece_difference,0.06619099935726094,27442
PV10MATH,population,classification,contrast,slope_difference,-0.15292109697642065,27442
PV10MATH,senate,regression,global,rmse,64.50399164223349,123406
PV10MATH,senate,regression,global,r2,0.6069095030024427,123406
PV10MATH,senate,classification,global,auc,0.8768642174449074,123406
PV10MATH,senate,classification,global,brier,0.1432221766525239,123406
PV10MATH,senate,classification,global,ece,0.02336965736489495,123406
PV10MATH,senate,classification,global,calibration_slope,0.8545145563045347,123406
PV10MATH,senate,classification,low_ses_non_native,auc,0.8558282603771646,2533
PV10MATH,senate,classification,low_ses_non_native,brier,0.15602512766529295,2533
PV10MATH,senate,classification,low_ses_non_native,ece,0.035120900734822706,2533
PV10MATH,senate,classification,low_ses_non_native,calibration_slope,0.8961401523759076,2533
PV10MATH,senate,classification,high_ses_native,auc,0.8536701097919123,24909
PV10MATH,senate,classification,high_ses_native,brier,0.1108746978597263,24909
PV10MATH,senate,classification,high_ses_native,ece,0.018838387604285307,24909
PV10MATH,senate,classification,high_ses_native,calibration_slope,0.8835326904189246,24909
PV10MATH,senate,classification,contrast,auc_difference,0.002158150585252372,27442
PV10MATH,senate,classification,contrast,ece_difference,0.011751243369927757,27442
PV10MATH,senate,classification,contrast,slope_difference,0.04162559607137295,27442
